<?xml version="1.0" encoding="UTF-8"?>
<FindBugsFilter>
  <Match>
    <Bug
      pattern="CE_CLASS_ENVY,SE_NO_SERIALVERSIONID,EXS_EXCEPTION_SOFTENING_NO_CHECKED,EXS_EXCEPTION_SOFTENING_NO_CONSTRAINTS,PSC_PRESIZE_COLLECTIONS,NFF_NON_FUNCTIONAL_FIELD,EXS_EXCEPTION_SOFTENING_HAS_CHECKED " />
  </Match>
  <!-- パッケージ指定でチェック対象外 -->
  <!-- <Match classregex=".*\.hoge\..*"> <Bug pattern="EI_EXPOSE_REP,EI_EXPOSE_REP2"
    /> </Match> -->
  <!-- クラス名指定でチェック対象外 -->
  <Match>
    <Class name="~.*\.*(Entity|Form)Assert" />
  </Match>
  <Match>
    <Source name="~.*\.groovy" />
  </Match>
</FindBugsFilter>
