<?xml version="1.0" encoding="UTF-8"?>
<configuration>

  <appender name="javaUtilLog" class="com.accenture.mainri.core.logger.JavaUtilLogAppender">
    <filter class="com.accenture.mainri.core.logger.ErrorMetricFilter">
      <level>ERROR</level>
    </filter>
    <encoder>
      <charset>UTF-8</charset>
      <pattern>%d{yyyy-MM-dd HH:mm:ss,SSS} %-5p %-50c{5} - %m%n</pattern>
    </encoder>
  </appender>

  <!-- app -->
  <logger name="com.neobank" level="debug" additivity="false">
    <appender-ref ref="javaUtilLog" />
  </logger>

  <!-- framework -->
  <logger name="com.accenture.mainri" level="debug" additivity="false">
    <appender-ref ref="javaUtilLog" />
  </logger>

  <!-- RootレベルをDebugにするとBeamsから大量のログが出力されるため注意。 -->
  <root level="info">
    <appender-ref ref="javaUtilLog" />
  </root>

</configuration>
